{"cameraMode":{"drawMode":0,"name":"Shaded","section":"Shading Mode"},"sceneLighting":false,"audioPlay":false,"sceneViewState":{"showFog":false,"showMaterialUpdate":false,"showSkybox":false,"showFlares":false,"showImageEffects":false,"showParticleSystems":false},"in2DMode":false,"pivot":{"x":0.21000003814697267,"y":-0.375,"z":0.09500002861022949},"rotation":{"x":-0.2539588212966919,"y":-0.01683127135038376,"z":0.00441958149895072,"w":-0.96706223487854},"size":7.721123695373535,"orthographic":false}