{"cameraMode":{"drawMode":0,"name":"Shaded","section":"Shading Mode"},"sceneLighting":false,"audioPlay":false,"sceneViewState":{"showFog":false,"showMaterialUpdate":false,"showSkybox":false,"showFlares":false,"showImageEffects":false,"showParticleSystems":false},"in2DMode":false,"pivot":{"x":0.03664621710777283,"y":1.0632266998291016,"z":1.514810562133789},"rotation":{"x":-0.3623419404029846,"y":-0.012025590054690838,"z":0.0046750446781516079,"w":-0.9319602847099304},"size":8.886033058166504,"orthographic":false}